{"loss": 1.0, "reward": 0.0, "_timestamp": 1702344191.1407518, "_runtime": 1.522742748260498, "_step": 999, "_wandb": {"runtime": 0}}