{"loss": 0.9991180896759033, "reward": 0.0, "_timestamp": 1702363059.048873, "_runtime": 1.651655912399292, "_step": 19, "_wandb": {"runtime": 1}}