{"loss": 0.9999147057533264, "reward": 0.0, "_timestamp": 1702363824.39215, "_runtime": 0.8190488815307617, "_step": 0, "_wandb": {"runtime": 0}}