{"loss": 0.9991180896759033, "reward": 0.0, "_timestamp": 1702363005.6577652, "_runtime": 3.4928832054138184, "_step": 19, "_wandb": {"runtime": 1}}