{"loss": 1.0006392002105713, "reward": 0.0, "_timestamp": 1702363508.769941, "_runtime": 418.72560119628906, "_step": 9999, "_wandb": {"runtime": 418}}