{"loss": -0.4000188112258911, "reward": 1.399999976158142, "_timestamp": 1705123986.3164964, "_runtime": 16428.119248390198, "_step": 665, "_wandb": {"runtime": 16444}}